{
  "test_precision": 1.0,
  "test_recall": 1.0,
  "test_f1": 1.0,
  "test_auc": 1.0,
  "confusion_matrix": [
    [
      62,
      0
    ],
    [
      0,
      111
    ]
  ],
  "test_set_size": 173,
  "train_set_size": 688,
  "feature_importances": {
    "has_https": 0.24526622646827187,
    "suspicious_tld": 0.17093511359641161,
    "num_hyphens": 0.10363408723617572,
    "repeated_chars": 0.08223988184358774,
    "domain_entropy": 0.0729642924526669,
    "subdomain_depth": 0.06758306403001996,
    "num_dots": 0.055724446616918194,
    "num_subdomains": 0.05428837536468795,
    "keyword_count": 0.05417256318615584,
    "host_length": 0.02418412724705346,
    "digit_ratio": 0.02013639402531059,
    "digit_count": 0.012764883426664408,
    "path_length": 0.008132050806064384,
    "upi_keyword_count": 0.005888447710486472,
    "longest_token_length": 0.005208733872752913,
    "url_length": 0.004453121883034854,
    "url_entropy": 0.0031813986108540013,
    "has_ip": 0.002120614708484623,
    "shortener_flag": 0.001962042581395899,
    "special_chars": 0.0015440660245563524,
    "query_param_count": 0.0012116572637789552,
    "homoglyph_flag": 0.001132518089479345,
    "query_length": 0.0008443625322241607,
    "punycode_flag": 0.0004275304229636069,
    "free_hosting_flag": 0.0,
    "unicode_in_host": 0.0,
    "percent_encoded_count": 0.0,
    "has_at_symbol": 0.0,
    "port_specified": 0.0
  },
  "feature_names": [
    "url_length",
    "num_dots",
    "num_hyphens",
    "num_subdomains",
    "has_ip",
    "has_https",
    "keyword_count",
    "url_entropy",
    "domain_entropy",
    "digit_count",
    "digit_ratio",
    "special_chars",
    "query_param_count",
    "suspicious_tld",
    "shortener_flag",
    "free_hosting_flag",
    "repeated_chars",
    "path_length",
    "query_length",
    "punycode_flag",
    "homoglyph_flag",
    "unicode_in_host",
    "percent_encoded_count",
    "has_at_symbol",
    "port_specified",
    "upi_keyword_count",
    "subdomain_depth",
    "longest_token_length",
    "host_length"
  ]
}